Workbook

Sheet Dashboard
A1: Progress Dashboard
A3: Metric | B3: Value | C3: Metric | D3: Value
A4: Start Date | B4: see Protocol | C4: Open C1 Reviews | D4: =COUNTIFS('Unit Plan'!R5:R28,">0",'Unit Plan'!S5:S28,"<>Yes")
A5: Total Units | B5: =COUNTA('Unit Plan'!A5:A28) | C5: Independent Reproductions | D5: =COUNTIF('Unit Plan'!T5:T28,"Independent")
A6: Units Completed | B6: =COUNTIF('Unit Plan'!Q5:Q28,"Completed") | C6: Avg Read Min | D6: =IFERROR(AVERAGE('Unit Plan'!M5:M28),"")
A7: Reading Units Done | B7: =COUNTIFS('Unit Plan'!C5:C28,"Reading",'Unit Plan'!L5:L28,"<>") | C7: Avg Ex Min | D7: =IFERROR(AVERAGE('Unit Plan'!P5:P28),"")
A8: Exercise Units Done | B8: =COUNTIFS('Unit Plan'!C5:C28,"Exercise",'Unit Plan'!O5:O28,"<>") | C8: Daily Logs Filled | D8: =COUNTIF('Daily Log'!A5:A39,"<>")
A9: Summary Units Done | B9: =COUNTIFS('Unit Plan'!C5:C28,"Summary",'Unit Plan'!L5:L28,"<>") | C9: Current Focus | D9: =IF(B6=B5,"All Completed","See Unit Plan")
A10: Completion % | B10: =IF(B5=0,"",B6/B5) | C10: Last Completed Unit | D10: =IF(B6=0,"","See Unit Plan")
A13: Section Progress
A14: Block | B14: Planned Units | C14: Completed | D14: Notes
A15: 6.1–6.3 | B15: =COUNTIFS('Unit Plan'!D5:D28,"6.1")+COUNTIFS('Unit Plan'!D5:D28,"6.2")+COUNTIFS('Unit Plan'!D5:D28,"6.3(a)")+COUNTIFS('Unit Plan'!D5:D28,"6.3(b)")+COUNTIFS('Unit Plan'!D5:D28,"6.1–6.3") | C15: =COUNTIFS('Unit Plan'!Q5:Q28,"Completed",'Unit Plan'!D5:D28,"6.1")+COUNTIFS('Unit Plan'!Q5:Q28,"Completed",'Unit Plan'!D5:D28,"6.2")+COUNTIFS('Unit Plan'!Q5:Q28,"Completed",'Unit Plan'!D5:D28,"6.3(a)")+COUNTIFS('Unit Plan'!Q5:Q28,"Completed",'Unit Plan'!D5:D28,"6.3(b)")+COUNTIFS('Unit Plan'!Q5:Q28,"Completed",'Unit Plan'!D5:D28,"6.1–6.3") | D15: Ground the convergence relations first
A16: 6.4–6.6 | B16: =COUNTIFS('Unit Plan'!D5:D28,"6.4")+COUNTIFS('Unit Plan'!D5:D28,"6.5")+COUNTIFS('Unit Plan'!D5:D28,"6.5.1")+COUNTIFS('Unit Plan'!D5:D28,"6.5.2")+COUNTIFS('Unit Plan'!D5:D28,"6.6 (part 1)")+COUNTIFS('Unit Plan'!D5:D28,"6.6 (part 2)")+COUNTIFS('Unit Plan'!D5:D28,"6.4–6.6") | C16: =COUNTIFS('Unit Plan'!Q5:Q28,"Completed",'Unit Plan'!D5:D28,"6.4")+COUNTIFS('Unit Plan'!Q5:Q28,"Completed",'Unit Plan'!D5:D28,"6.5")+COUNTIFS('Unit Plan'!Q5:Q28,"Completed",'Unit Plan'!D5:D28,"6.5.1")+COUNTIFS('Unit Plan'!Q5:Q28,"Completed",'Unit Plan'!D5:D28,"6.5.2")+COUNTIFS('Unit Plan'!Q5:Q28,"Completed",'Unit Plan'!D5:D28,"6.6 (part 1)")+COUNTIFS('Unit Plan'!Q5:Q28,"Completed",'Unit Plan'!D5:D28,"6.6 (part 2)")+COUNTIFS('Unit Plan'!Q5:Q28,"Completed",'Unit Plan'!D5:D28,"6.4–6.6") | D16: Slow down at UI and L_p
A17: Exercises | B17: =COUNTIF('Unit Plan'!C5:C28,"Exercise") | C17: =COUNTIFS('Unit Plan'!C5:C28,"Exercise",'Unit Plan'!Q5:Q28,"Completed") | D17: Use Reproduce level before marking complete

Sheet Protocol
A1: Chapter 6 Study Check-In Guide (A Probability Path)
A3: Start Date (edit) | D3: Status options | F3: Reproduce level
D4: Not Started
A5: Rules
A6: 1. Track reading and exercises separately: use columns K–M for reading and N–P for exercises.
A7: 2. Actual start = when you begin the task; Actual end = when you truly finish that stage.
A8: 3. For exercises, follow the protocol: write My idea first, then compare with the answer, then rewrite until independent.
A9: 4. C1 review is generated automatically as “exercise actual completion date + 2 days”.
A10: 5. Daily Log is for daily check-ins; Unit Plan is for tracking Chapter 6 by unit.
A11: 6. For Summary units, draw a relationship map: a.s. / i.p. / L_p / UI / subsequence principle.
A13: Suggested check-in order
A14: First update status and times in Unit Plan, then add your daily reflection in Daily Log.
A15: If a problem is not independently reproducible that day, keep Status as Doing Exercises and update Reproduce level to the current stage.
A16: A Summary unit is complete when you can explain the core relationship map / counterexample bank in your own words.

Sheet Unit Plan
A1: Chapter 6 Study Check-in Plan
A2: Start Date (linked) | B2: edit in Protocol | D2: Protocol | E2: Read first, then exercises; record actual times separately.
A4: Unit ID | B4: Suggested Seq | C4: Type | D4: Chapter Part | E4: Topic / Task | F4: Goal | G4: Suggested Day | H4: Suggested Date | I4: Plan Read (min) | J4: Plan Ex (min) | K4: Read Start | L4: Read End | M4: Read Min | N4: Ex Start | O4: Ex End | P4: Ex Min | Q4: Status | R4: C1 Due | S4: C1 Done? | T4: Reproduce level | U4: Notes | V4: Link/Ref
A5: R1 | B5: 1 | C5: Reading | D5: 6.1 | E5: Almost Sure Convergence | F5: Definitions, exception set, a.s. equality, and limsup/liminf intuition | G5: 1 | H5: =IF(Protocol!$B$3="","",Protocol!$B$3+G5-1) | I5: 60 | M5: =IF(AND(K5<>"",L5<>""),(L5-K5)*1440,"") | P5: =IF(AND(N5<>"",O5<>""),(O5-N5)*1440,"") | Q5: Not Started | R5: =IF(O5<>"",INT(O5)+2,"") | S5: No
A6: R2 | B6: 2 | C6: Reading | D6: 6.2 | E6: Convergence in Probability + 6.2.1 | F6: Match a.s. vs i.p. with weak/strong consistency | G6: 2 | H6: =IF(Protocol!$B$3="","",Protocol!$B$3+G6-1) | I6: 60 | M6: =IF(AND(K6<>"",L6<>""),(L6-K6)*1440,"") | P6: =IF(AND(N6<>"",O6<>""),(O6-N6)*1440,"") | Q6: Not Started | R6: =IF(O6<>"",INT(O6)+2,"") | S6: No
A7: R3 | B7: 3 | C7: Reading | D7: 6.3(a) | E7: Cauchy in probability | F7: Internalize the proof skeleton for i.p. convergence = Cauchy in probability | G7: 3 | H7: =IF(Protocol!$B$3="","",Protocol!$B$3+G7-1) | I7: 75 | M7: =IF(AND(K7<>"",L7<>""),(L7-K7)*1440,"") | P7: =IF(AND(N7<>"",O7<>""),(O7-N7)*1440,"") | Q7: Not Started | R7: =IF(O7<>"",INT(O7)+2,"") | S7: No
A8: R4 | B8: 4 | C8: Reading | D8: 6.3(b) | E8: Subsequence criterion + continuous mapping | F8: Internalize “every subsequence has an a.s.-convergent subsubsequence” | G8: 4 | H8: =IF(Protocol!$B$3="","",Protocol!$B$3+G8-1) | I8: 75 | M8: =IF(AND(K8<>"",L8<>""),(L8-K8)*1440,"") | P8: =IF(AND(N8<>"",O8<>""),(O8-N8)*1440,"") | Q8: Not Started | R8: =IF(O8<>"",INT(O8)+2,"") | S8: No
A9: E1 | B9: 5 | C9: Exercise | D9: Ex 1,12 | E9: Core convergence 1 | F9: Foundational problems on definitions and criteria | G9: 5 | H9: =IF(Protocol!$B$3="","",Protocol!$B$3+G9-1) | J9: 90 | M9: =IF(AND(K9<>"",L9<>""),(L9-K9)*1440,"") | P9: =IF(AND(N9<>"",O9<>""),(O9-N9)*1440,"") | Q9: Not Started | R9: =IF(O9<>"",INT(O9)+2,"") | S9: No
A10: E2 | B10: 6 | C10: Exercise | D10: Ex 17,19,21 | E10: Core convergence 2 | F10: Basic properties: discrete cases, monotonicity, event distance | G10: 6 | H10: =IF(Protocol!$B$3="","",Protocol!$B$3+G10-1) | J10: 90 | M10: =IF(AND(K10<>"",L10<>""),(L10-K10)*1440,"") | P10: =IF(AND(N10<>"",O10<>""),(O10-N10)*1440,"") | Q10: Not Started | R10: =IF(O10<>"",INT(O10)+2,"") | S10: No
A11: E3 | B11: 7 | C11: Exercise | D11: Ex 24,25 | E11: Subsequence / mapping / metric | F11: Apply the core ideas of Section 6.3 | G11: 7 | H11: =IF(Protocol!$B$3="","",Protocol!$B$3+G11-1) | J11: 90 | M11: =IF(AND(K11<>"",L11<>""),(L11-K11)*1440,"") | P11: =IF(AND(N11<>"",O11<>""),(O11-N11)*1440,"") | Q11: Not Started | R11: =IF(O11<>"",INT(O11)+2,"") | S11: No
A12: S1 | B12: 8 | C12: Summary | D12: 6.1–6.3 | E12: Summary block 1 | F12: Draw the relationship map: a.s. / i.p. / subsequence / continuous mapping | G12: 8 | H12: =IF(Protocol!$B$3="","",Protocol!$B$3+G12-1) | I12: 45 | M12: =IF(AND(K12<>"",L12<>""),(L12-K12)*1440,"") | P12: =IF(AND(N12<>"",O12<>""),(O12-N12)*1440,"") | Q12: Not Started | R12: =IF(O12<>"",INT(O12)+2,"") | S12: No
A13: R5 | B13: 9 | C13: Reading | D13: 6.4 | E13: Quantile Estimation | F13: Understand why quantile consistency is a natural application | G13: 9 | H13: =IF(Protocol!$B$3="","",Protocol!$B$3+G13-1) | I13: 50 | M13: =IF(AND(K13<>"",L13<>""),(L13-K13)*1440,"") | P13: =IF(AND(N13<>"",O13<>""),(O13-N13)*1440,"") | Q13: Not Started | R13: =IF(O13<>"",INT(O13)+2,"") | S13: No
A14: R6 | B14: 10 | C14: Reading | D14: 6.5 | E14: L_p convergence | F14: Remember the definition, strength relations, and standard counterexamples | G14: 10 | H14: =IF(Protocol!$B$3="","",Protocol!$B$3+G14-1) | I14: 70 | M14: =IF(AND(K14<>"",L14<>""),(L14-K14)*1440,"") | P14: =IF(AND(N14<>"",O14<>""),(O14-N14)*1440,"") | Q14: Not Started | R14: =IF(O14<>"",INT(O14)+2,"") | S14: No
A15: R7 | B15: 11 | C15: Reading | D15: 6.5.1 | E15: Uniform Integrability | F15: First aim to use it: why UI is the bridge | G15: 11 | H15: =IF(Protocol!$B$3="","",Protocol!$B$3+G15-1) | I15: 80 | M15: =IF(AND(K15<>"",L15<>""),(L15-K15)*1440,"") | P15: =IF(AND(N15<>"",O15<>""),(O15-N15)*1440,"") | Q15: Not Started | R15: =IF(O15<>"",INT(O15)+2,"") | S15: No
A16: R8 | B16: 12 | C16: Reading | D16: 6.5.2 | E16: Inequalities Review | F16: How Schwarz / Hölder / Minkowski are used later | G16: 12 | H16: =IF(Protocol!$B$3="","",Protocol!$B$3+G16-1) | I16: 60 | M16: =IF(AND(K16<>"",L16<>""),(L16-K16)*1440,"") | P16: =IF(AND(N16<>"",O16<>""),(O16-N16)*1440,"") | Q16: Not Started | R16: =IF(O16<>"",INT(O16)+2,"") | S16: No
A17: R9 | B17: 13 | C17: Reading | D17: 6.6 (part 1) | E17: More on L_p convergence I | F17: First master the L1 version and key lemma | G17: 13 | H17: =IF(Protocol!$B$3="","",Protocol!$B$3+G17-1) | I17: 80 | M17: =IF(AND(K17<>"",L17<>""),(L17-K17)*1440,"") | P17: =IF(AND(N17<>"",O17<>""),(O17-N17)*1440,"") | Q17: Not Started | R17: =IF(O17<>"",INT(O17)+2,"") | S17: No
A18: R10 | B18: 14 | C18: Reading | D18: 6.6 (part 2) | E18: More on L_p convergence II | F18: Clarify the equivalences/bridges among Lp-Cauchy and UI + i.p. | G18: 14 | H18: =IF(Protocol!$B$3="","",Protocol!$B$3+G18-1) | I18: 80 | M18: =IF(AND(K18<>"",L18<>""),(L18-K18)*1440,"") | P18: =IF(AND(N18<>"",O18<>""),(O18-N18)*1440,"") | Q18: Not Started | R18: =IF(O18<>"",INT(O18)+2,"") | S18: No
A19: E4 | B19: 15 | C19: Exercise | D19: Ex 2,4 | E19: Means and second moments | F19: Connect convergence notions with averaging and L2 | G19: 15 | H19: =IF(Protocol!$B$3="","",Protocol!$B$3+G19-1) | J19: 90 | M19: =IF(AND(K19<>"",L19<>""),(L19-K19)*1440,"") | P19: =IF(AND(N19<>"",O19<>""),(O19-N19)*1440,"") | Q19: Not Started | R19: =IF(O19<>"",INT(O19)+2,"") | S19: No
A20: E5 | B20: 16 | C20: Exercise | D20: Ex 5,6,8 | E20: UI basics | F20: Start with basic practice: is a family UI? | G20: 16 | H20: =IF(Protocol!$B$3="","",Protocol!$B$3+G20-1) | J20: 90 | M20: =IF(AND(K20<>"",L20<>""),(L20-K20)*1440,"") | P20: =IF(AND(N20<>"",O20<>""),(O20-N20)*1440,"") | Q20: Not Started | R20: =IF(O20<>"",INT(O20)+2,"") | S20: No
A21: E6 | B21: 17 | C21: Exercise | D21: Ex 3,9,10 | E21: Inequalities + UI tests | F21: Practice the estimation tools until fluent | G21: 17 | H21: =IF(Protocol!$B$3="","",Protocol!$B$3+G21-1) | J21: 100 | M21: =IF(AND(K21<>"",L21<>""),(L21-K21)*1440,"") | P21: =IF(AND(N21<>"",O21<>""),(O21-N21)*1440,"") | Q21: Not Started | R21: =IF(O21<>"",INT(O21)+2,"") | S21: No
A22: E7 | B22: 18 | C22: Exercise | D22: Ex 15,16,18 | E22: L_p basics | F22: See clearly what Lp, averaging, and scaling do and do not imply | G22: 18 | H22: =IF(Protocol!$B$3="","",Protocol!$B$3+G22-1) | J22: 100 | M22: =IF(AND(K22<>"",L22<>""),(L22-K22)*1440,"") | P22: =IF(AND(N22<>"",O22<>""),(O22-N22)*1440,"") | Q22: Not Started | R22: =IF(O22<>"",INT(O22)+2,"") | S22: No
A23: E8 | B23: 19 | C23: Exercise | D23: Ex 20,22,30 | E23: Moment / tail / probability | F23: Connect moment control with probability control | G23: 19 | H23: =IF(Protocol!$B$3="","",Protocol!$B$3+G23-1) | J23: 100 | M23: =IF(AND(K23<>"",L23<>""),(L23-K23)*1440,"") | P23: =IF(AND(N23<>"",O23<>""),(O23-N23)*1440,"") | Q23: Not Started | R23: =IF(O23<>"",INT(O23)+2,"") | S23: No
A24: E9 | B24: 20 | C24: Exercise | D24: Ex 11,13,14 | E24: Maxima / extremes style | F24: Tail behavior and extreme-value style probability estimates | G24: 20 | H24: =IF(Protocol!$B$3="","",Protocol!$B$3+G24-1) | J24: 100 | M24: =IF(AND(K24<>"",L24<>""),(L24-K24)*1440,"") | P24: =IF(AND(N24<>"",O24<>""),(O24-N24)*1440,"") | Q24: Not Started | R24: =IF(O24<>"",INT(O24)+2,"") | S24: No
A25: E10 | B25: 21 | C25: Exercise | D25: Ex 26,27,28 | E25: Advanced L_p / UI examples | F25: Counterexample bank plus structure problems | G25: 21 | H25: =IF(Protocol!$B$3="","",Protocol!$B$3+G25-1) | J25: 110 | M25: =IF(AND(K25<>"",L25<>""),(L25-K25)*1440,"") | P25: =IF(AND(N25<>"",O25<>""),(O25-N25)*1440,"") | Q25: Not Started | R25: =IF(O25<>"",INT(O25)+2,"") | S25: No
A26: E11 | B26: 22 | C26: Exercise | D26: Ex 23,29,33 | E26: Mixed advanced | F26: Constructed examples / triangular arrays / mixed tools | G26: 22 | H26: =IF(Protocol!$B$3="","",Protocol!$B$3+G26-1) | J26: 110 | M26: =IF(AND(K26<>"",L26<>""),(L26-K26)*1440,"") | P26: =IF(AND(N26<>"",O26<>""),(O26-N26)*1440,"") | Q26: Not Started | R26: =IF(O26<>"",INT(O26)+2,"") | S26: No
A27: E12 | B27: 23 | C27: Exercise | D27: Ex 31,32 | E27: Statistics-flavored | F27: Connect median / central value with convergence notions | G27: 23 | H27: =IF(Protocol!$B$3="","",Protocol!$B$3+G27-1) | J27: 90 | M27: =IF(AND(K27<>"",L27<>""),(L27-K27)*1440,"") | P27: =IF(AND(N27<>"",O27<>""),(O27-N27)*1440,"") | Q27: Not Started | R27: =IF(O27<>"",INT(O27)+2,"") | S27: No
A28: S2 | B28: 24 | C28: Summary | D28: 6.4–6.6 | E28: Summary block 2 + Big picture | F28: Summarize the relationship map among L_p, UI, and moment convergence | G28: 24 | H28: =IF(Protocol!$B$3="","",Protocol!$B$3+G28-1) | I28: 50 | M28: =IF(AND(K28<>"",L28<>""),(L28-K28)*1440,"") | P28: =IF(AND(N28<>"",O28<>""),(O28-N28)*1440,"") | Q28: Not Started | R28: =IF(O28<>"",INT(O28)+2,"") | S28: No

Sheet Exercise Map
A1: Exercise Map for Chapter 6
A3: Unit ID | B3: Exercises | C3: Topic Cluster | D3: Why this set matters | E3: Priority | F3: Suggested after | G3: Done?
A4: E1 | B4: 1, 12 | C4: Core convergence 1 | D4: Build the foundations: definitions + criteria | E4: High | F4: R4 | G4: No
A5: E2 | B5: 17, 19, 21 | C5: Core convergence 2 | D5: Basic properties: discrete cases, comparisons, event distance | E5: High | F5: R4 | G5: No
A6: E3 | B6: 24, 25 | C6: Subsequence / mapping / metric | D6: Work through the most important ideas of Section 6.3 | E6: High | F6: R4 | G6: No
A7: E4 | B7: 2, 4 | C7: Means and second moments | D7: Connect with averaging and L2 | E7: Medium | F7: R10 | G7: No
A8: E5 | B8: 5, 6, 8 | C8: UI basics | D8: Start with basic UI practice | E8: High | F8: R10 | G8: No
A9: E6 | B9: 3, 9, 10 | C9: Inequalities + UI tests | D9: Practice the estimation tools | E9: High | F9: R10 | G9: No
A10: E7 | B10: 15, 16, 18 | C10: L_p basics | D10: See the strength relations between Lp and probability | E10: High | F10: R10 | G10: No
A11: E8 | B11: 20, 22, 30 | C11: Moment / tail / probability | D11: Connect moment control with probability control | E11: High | F11: R10 | G11: No
A12: E9 | B12: 11, 13, 14 | C12: Maxima / extremes style | D12: Tail and extreme-value style problems | E12: Medium | F12: R10 | G12: No
A13: E10 | B13: 26, 27, 28 | C13: Advanced L_p / UI examples | D13: Counterexamples + structure problems | E13: Medium | F13: R10 | G13: No
A14: E11 | B14: 23, 29, 33 | C14: Mixed advanced | D14: Constructed examples / triangular arrays | E14: Medium | F14: R10 | G14: No
A15: E12 | B15: 31, 32 | C15: Statistics-flavored | D15: Use median / central value to close the chapter | E15: Medium | F15: R10 | G15: No

Sheet Daily Log
A1: Daily Check-in Log
A2: Use one row per day. This sheet is for reflections; Unit Plan remains the source of truth for timings.
A4: Date | B4: Day # | C4: Units touched | D4: Read min | E4: Ex min | F4: Actual total min | G4: Big takeaway | H4: Blocker | I4: Next action | J4: Mood / energy
B5: =IF(A5="","",A5-Protocol!$B$3+1) | F5: =IF(OR(D5<>"",E5<>""),SUM(D5:E5),"")
B6: =IF(A6="","",A6-Protocol!$B$3+1) | F6: =IF(OR(D6<>"",E6<>""),SUM(D6:E6),"")
B7: =IF(A7="","",A7-Protocol!$B$3+1) | F7: =IF(OR(D7<>"",E7<>""),SUM(D7:E7),"")
B8: =IF(A8="","",A8-Protocol!$B$3+1) | F8: =IF(OR(D8<>"",E8<>""),SUM(D8:E8),"")
B9: =IF(A9="","",A9-Protocol!$B$3+1) | F9: =IF(OR(D9<>"",E9<>""),SUM(D9:E9),"")
B10: =IF(A10="","",A10-Protocol!$B$3+1) | F10: =IF(OR(D10<>"",E10<>""),SUM(D10:E10),"")
B11: =IF(A11="","",A11-Protocol!$B$3+1) | F11: =IF(OR(D11<>"",E11<>""),SUM(D11:E11),"")
B12: =IF(A12="","",A12-Protocol!$B$3+1) | F12: =IF(OR(D12<>"",E12<>""),SUM(D12:E12),"")
B13: =IF(A13="","",A13-Protocol!$B$3+1) | F13: =IF(OR(D13<>"",E13<>""),SUM(D13:E13),"")
B14: =IF(A14="","",A14-Protocol!$B$3+1) | F14: =IF(OR(D14<>"",E14<>""),SUM(D14:E14),"")
B15: =IF(A15="","",A15-Protocol!$B$3+1) | F15: =IF(OR(D15<>"",E15<>""),SUM(D15:E15),"")
B16: =IF(A16="","",A16-Protocol!$B$3+1) | F16: =IF(OR(D16<>"",E16<>""),SUM(D16:E16),"")
... B39: =IF(A39="","",A39-Protocol!$B$3+1) | F39: =IF(OR(D39<>"",E39<>""),SUM(D39:E39),"")
